dataset,strategy,model_name,accuracy,base,final_acc,checkpoint,num_successes_seen,average_reward,perc_learnable,abs_improv,model_size,relative_improvement,train_score
gsm8k,easiest,Llama-3.1-8B-Instruct,0.4670204700530705,0.3601213040181956,0.7255496588324488,100,696,0.87,0.57,0.1068991660348749,8,0.1670616113744076,0.5
gsm8k,easiest,Llama-3.1-8B-Instruct,0.5769522365428355,0.3601213040181956,0.7255496588324488,200,1451,0.906875,0.42,0.2168309325246398,8,0.3388625592417061,0.5
gsm8k,easiest,Llama-3.1-8B-Instruct,0.6413949962092494,0.3601213040181956,0.7255496588324488,300,2215,0.9229166666666668,0.3533333333333333,0.2812736921910538,8,0.4395734597156399,0.5
gsm8k,easiest,Llama-3.1-8B-Instruct,0.6853677028051555,0.3601213040181956,0.7255496588324488,400,2995,0.9359375,0.3025,0.3252463987869599,8,0.5082938388625594,0.5
gsm8k,easiest,Llama-3.1-8B-Instruct,0.7073540561031084,0.3601213040181956,0.7255496588324488,500,3774,0.9435,0.274,0.3472327520849128,8,0.5426540284360191,0.5
gsm8k,easiest,Llama-3.1-8B-Instruct,0.6990144048521607,0.3601213040181956,0.7255496588324488,600,4556,0.9491666666666668,0.255,0.3388931008339651,8,0.5296208530805687,0.5
gsm8k,easiest,Llama-3.1-8B-Instruct,0.7217589082638363,0.3601213040181956,0.7255496588324488,700,5334,0.9525,0.2428571428571428,0.3616376042456407,8,0.5651658767772513,0.5
gsm8k,easiest,Llama-3.1-8B-Instruct,0.7172100075815011,0.3601213040181956,0.7255496588324488,800,6120,0.95625,0.225,0.3570887035633055,8,0.5580568720379147,0.5
gsm8k,easiest,Llama-3.1-8B-Instruct,0.7407126611068992,0.3601213040181956,0.7255496588324488,900,6897,0.9579166666666666,0.2177777777777777,0.3805913570887035,8,0.59478672985782,0.5
gsm8k,easiest,Llama-3.1-8B-Instruct,0.7255496588324488,0.3601213040181956,0.7255496588324488,1000,7676,0.9595,0.209,0.3654283548142532,8,0.571090047393365,0.5
gsm8k,hardest,Llama-3.1-8B-Instruct,0.4207733131159969,0.3601213040181956,0.7634571645185747,100,197,0.24625,0.51,0.0606520090978013,8,0.0947867298578199,0.5
gsm8k,hardest,Llama-3.1-8B-Instruct,0.6474601971190296,0.3601213040181956,0.7634571645185747,200,571,0.356875,0.55,0.287338893100834,8,0.4490521327014218,0.5
gsm8k,hardest,Llama-3.1-8B-Instruct,0.7247915087187263,0.3601213040181956,0.7634571645185747,300,1051,0.4379166666666667,0.5766666666666667,0.3646702047005307,8,0.5699052132701423,0.5
gsm8k,hardest,Llama-3.1-8B-Instruct,0.7490523123578469,0.3601213040181956,0.7634571645185747,400,1563,0.4884375,0.59,0.3889310083396513,8,0.6078199052132702,0.5
gsm8k,hardest,Llama-3.1-8B-Instruct,0.7543593631539045,0.3601213040181956,0.7634571645185747,500,2155,0.53875,0.578,0.3942380591357089,8,0.6161137440758295,0.5
gsm8k,hardest,Llama-3.1-8B-Instruct,0.759666413949962,0.3601213040181956,0.7634571645185747,600,2769,0.576875,0.555,0.3995451099317664,8,0.6244075829383886,0.5
gsm8k,hardest,Llama-3.1-8B-Instruct,0.7672479150871873,0.3601213040181956,0.7634571645185747,700,3348,0.5978571428571429,0.5528571428571428,0.4071266110689917,8,0.6362559241706162,0.5
gsm8k,hardest,Llama-3.1-8B-Instruct,0.7672479150871873,0.3601213040181956,0.7634571645185747,800,3960,0.61875,0.5475,0.4071266110689917,8,0.6362559241706162,0.5
gsm8k,hardest,Llama-3.1-8B-Instruct,0.778620166793025,0.3601213040181956,0.7634571645185747,900,4572,0.635,0.5444444444444444,0.4184988627748294,8,0.6540284360189574,0.5
gsm8k,hardest,Llama-3.1-8B-Instruct,0.7634571645185747,0.3601213040181956,0.7634571645185747,1000,5165,0.645625,0.552,0.4033358605003791,8,0.6303317535545024,0.5
gsm8k,middle,Llama-3.1-8B-Instruct,0.5208491281273692,0.3601213040181956,0.7543593631539045,100,526,0.6575,0.76,0.1607278241091735,8,0.2511848341232227,0.5
gsm8k,middle,Llama-3.1-8B-Instruct,0.6921910538286581,0.3601213040181956,0.7543593631539045,200,1183,0.739375,0.65,0.3320697498104625,8,0.5189573459715641,0.5
gsm8k,middle,Llama-3.1-8B-Instruct,0.7065959059893859,0.3601213040181956,0.7543593631539045,300,1873,0.7804166666666666,0.59,0.3464746019711903,8,0.5414691943127963,0.5
gsm8k,middle,Llama-3.1-8B-Instruct,0.7270659590598939,0.3601213040181956,0.7543593631539045,400,2603,0.8134375,0.5325,0.3669446550416983,8,0.5734597156398106,0.5
gsm8k,middle,Llama-3.1-8B-Instruct,0.7354056103108415,0.3601213040181956,0.7543593631539045,500,3340,0.835,0.502,0.3752843062926459,8,0.5864928909952607,0.5
gsm8k,middle,Llama-3.1-8B-Instruct,0.7475360121304018,0.3601213040181956,0.7543593631539045,600,4060,0.8458333333333333,0.4766666666666667,0.3874147081122062,8,0.6054502369668247,0.5
gsm8k,middle,Llama-3.1-8B-Instruct,0.7498104624715694,0.3601213040181956,0.7543593631539045,700,4799,0.8569642857142857,0.4585714285714286,0.3896891584533737,8,0.6090047393364929,0.5
gsm8k,middle,Llama-3.1-8B-Instruct,0.7649734647460197,0.3601213040181956,0.7543593631539045,800,5541,0.86578125,0.44,0.4048521607278241,8,0.6327014218009479,0.5
gsm8k,middle,Llama-3.1-8B-Instruct,0.7391963608794542,0.3601213040181956,0.7543593631539045,900,6272,0.8711111111111111,0.4311111111111111,0.3790750568612586,8,0.5924170616113745,0.5
gsm8k,middle,Llama-3.1-8B-Instruct,0.7543593631539045,0.3601213040181956,0.7543593631539045,1000,7022,0.87775,0.42,0.3942380591357089,8,0.6161137440758295,0.5
gsm8k,random,Llama-3.1-8B-Instruct,0.4738438210765731,0.3601213040181956,0.7536012130401819,100,459,0.57375,0.76,0.1137225170583775,8,0.1777251184834123,0.5
gsm8k,random,Llama-3.1-8B-Instruct,0.6982562547384382,0.3601213040181956,0.7536012130401819,200,1061,0.663125,0.645,0.3381349507202426,8,0.528436018957346,0.5
gsm8k,random,Llama-3.1-8B-Instruct,0.7202426080363912,0.3601213040181956,0.7536012130401819,300,1767,0.73625,0.5533333333333333,0.3601213040181956,8,0.5627962085308057,0.5
gsm8k,random,Llama-3.1-8B-Instruct,0.7467778620166793,0.3601213040181956,0.7536012130401819,400,2456,0.7675,0.5075,0.3866565579984837,8,0.604265402843602,0.5
gsm8k,random,Llama-3.1-8B-Instruct,0.7498104624715694,0.3601213040181956,0.7536012130401819,500,3163,0.79075,0.482,0.3896891584533737,8,0.6090047393364929,0.5
gsm8k,random,Llama-3.1-8B-Instruct,0.7649734647460197,0.3601213040181956,0.7536012130401819,600,3884,0.8091666666666667,0.46,0.4048521607278241,8,0.6327014218009479,0.5
gsm8k,random,Llama-3.1-8B-Instruct,0.755117513267627,0.3601213040181956,0.7536012130401819,700,4599,0.82125,0.43,0.3949962092494314,8,0.6172985781990522,0.5
gsm8k,random,Llama-3.1-8B-Instruct,0.775587566338135,0.3601213040181956,0.7536012130401819,800,5319,0.83109375,0.40625,0.4154662623199394,8,0.6492890995260664,0.5
gsm8k,random,Llama-3.1-8B-Instruct,0.7680060652009097,0.3601213040181956,0.7536012130401819,900,6036,0.8383333333333334,0.4011111111111111,0.4078847611827141,8,0.6374407582938388,0.5
gsm8k,random,Llama-3.1-8B-Instruct,0.7536012130401819,0.3601213040181956,0.7536012130401819,1000,6773,0.846625,0.393,0.3934799090219863,8,0.6149289099526066,0.5
gsm8k,easiest,Qwen3-14B,0.5185746777862017,0.5170583775587566,0.599696739954511,100,775,0.96875,0.14,0.001516300227445,14,0.0031397174254318,0.5
gsm8k,easiest,Qwen3-14B,0.555724033358605,0.5170583775587566,0.599696739954511,200,1558,0.97375,0.14,0.0386656557998483,14,0.0800627943485086,0.5
gsm8k,easiest,Qwen3-14B,0.5625473843821076,0.5170583775587566,0.599696739954511,300,2336,0.9733333333333334,0.13,0.045489006823351,14,0.0941915227629512,0.5
gsm8k,easiest,Qwen3-14B,0.576194086429113,0.5170583775587566,0.599696739954511,400,3124,0.97625,0.115,0.0591357088703563,14,0.1224489795918367,0.5
gsm8k,easiest,Qwen3-14B,0.5852918877937832,0.5170583775587566,0.599696739954511,500,3912,0.978,0.102,0.0682335102350265,14,0.141287284144427,0.5
gsm8k,easiest,Qwen3-14B,0.5845337376800607,0.5170583775587566,0.599696739954511,600,4694,0.9779166666666668,0.0916666666666666,0.067475360121304,14,0.1397174254317112,0.5
gsm8k,easiest,Qwen3-14B,0.6034874905231236,0.5170583775587566,0.599696739954511,700,5483,0.9791071428571428,0.0928571428571428,0.0864291129643669,14,0.1789638932496075,0.5
gsm8k,easiest,Qwen3-14B,0.5928733889310084,0.5170583775587566,0.599696739954511,800,6275,0.98046875,0.08625,0.0758150113722517,14,0.1569858712715857,0.5
gsm8k,easiest,Qwen3-14B,0.5921152388172858,0.5170583775587566,0.599696739954511,900,7068,0.9816666666666668,0.0822222222222222,0.0750568612585291,14,0.1554160125588696,0.5
gsm8k,easiest,Qwen3-14B,0.599696739954511,0.5170583775587566,0.599696739954511,1000,7864,0.983,0.078,0.0826383623957544,14,0.1711145996860283,0.5
gsm8k,hardest,Qwen3-14B,0.5367702805155421,0.5170583775587566,0.9112964366944656,100,63,0.07875,0.27,0.0197119029567854,14,0.0408163265306123,0.5
gsm8k,hardest,Qwen3-14B,0.6800606520090978,0.5170583775587566,0.9112964366944656,200,149,0.093125,0.295,0.1630022744503412,14,0.337519623233909,0.5
gsm8k,hardest,Qwen3-14B,0.8354814253222138,0.5170583775587566,0.9112964366944656,300,548,0.2283333333333333,0.3566666666666667,0.3184230477634572,14,0.6593406593406593,0.5
gsm8k,hardest,Qwen3-14B,0.8711144806671721,0.5170583775587566,0.9112964366944656,400,1105,0.3453125,0.3275,0.3540561031084155,14,0.7331240188383046,0.5
gsm8k,hardest,Qwen3-14B,0.8817285822592873,0.5170583775587566,0.9112964366944656,500,1675,0.41875,0.328,0.3646702047005307,14,0.7551020408163265,0.5
gsm8k,hardest,Qwen3-14B,0.8946171341925702,0.5170583775587566,0.9112964366944656,600,2288,0.4766666666666667,0.3116666666666666,0.3775587566338135,14,0.7817896389324962,0.5
gsm8k,hardest,Qwen3-14B,0.9006823351023503,0.5170583775587566,0.9112964366944656,700,2952,0.5271428571428571,0.2971428571428571,0.3836239575435937,14,0.794348508634223,0.5
gsm8k,hardest,Qwen3-14B,0.909021986353298,0.5170583775587566,0.9112964366944656,800,3583,0.55984375,0.3,0.3919636087945414,14,0.8116169544740974,0.5
gsm8k,hardest,Qwen3-14B,0.9075056861258528,0.5170583775587566,0.9112964366944656,900,4241,0.5890277777777778,0.3033333333333333,0.3904473085670962,14,0.8084772370486654,0.5
gsm8k,hardest,Qwen3-14B,0.9112964366944656,0.5170583775587566,0.9112964366944656,1000,4871,0.608875,0.295,0.394238059135709,14,0.816326530612245,0.5
gsm8k,middle,Qwen3-14B,0.5572403335860501,0.5170583775587566,0.7604245640636846,100,549,0.68625,0.76,0.0401819560272934,14,0.0832025117739404,0.5
gsm8k,middle,Qwen3-14B,0.7225170583775588,0.5170583775587566,0.7604245640636846,200,1231,0.769375,0.595,0.2054586808188021,14,0.4254317111459968,0.5
gsm8k,middle,Qwen3-14B,0.7285822592873389,0.5170583775587566,0.7604245640636846,300,2004,0.835,0.4366666666666666,0.2115238817285822,14,0.4379905808477237,0.5
gsm8k,middle,Qwen3-14B,0.7354056103108415,0.5170583775587566,0.7604245640636846,400,2763,0.8634375,0.36,0.2183472327520849,14,0.4521193092621663,0.5
gsm8k,middle,Qwen3-14B,0.7930250189537529,0.5170583775587566,0.7604245640636846,500,3549,0.88725,0.308,0.2759666413949962,14,0.5714285714285715,0.5
gsm8k,middle,Qwen3-14B,0.7664897649734648,0.5170583775587566,0.7604245640636846,600,4335,0.903125,0.2666666666666666,0.2494313874147081,14,0.5164835164835165,0.5
gsm8k,middle,Qwen3-14B,0.7717968157695224,0.5170583775587566,0.7604245640636846,700,5131,0.91625,0.2328571428571428,0.2547384382107658,14,0.5274725274725276,0.5
gsm8k,middle,Qwen3-14B,0.7619408642911296,0.5170583775587566,0.7604245640636846,800,5897,0.92140625,0.21625,0.244882486732373,14,0.5070643642072213,0.5
gsm8k,middle,Qwen3-14B,0.7725549658832449,0.5170583775587566,0.7604245640636846,900,6683,0.9281944444444444,0.1966666666666666,0.2554965883244883,14,0.5290423861852434,0.5
gsm8k,middle,Qwen3-14B,0.7604245640636846,0.5170583775587566,0.7604245640636846,1000,7467,0.933375,0.189,0.243366186504928,14,0.5039246467817897,0.5
gsm8k,random,Qwen3-14B,0.5375284306292646,0.5170583775587566,0.8658074298711145,100,486,0.6075,0.4,0.0204700530705079,14,0.0423861852433281,0.5
gsm8k,random,Qwen3-14B,0.6254738438210766,0.5170583775587566,0.8658074298711145,200,985,0.615625,0.395,0.10841546626232,14,0.2244897959183674,0.5
gsm8k,random,Qwen3-14B,0.756633813495072,0.5170583775587566,0.8658074298711145,300,1648,0.6866666666666666,0.3266666666666666,0.2395754359363153,14,0.4960753532182103,0.5
gsm8k,random,Qwen3-14B,0.8203184230477635,0.5170583775587566,0.8658074298711145,400,2369,0.7403125,0.275,0.3032600454890068,14,0.6279434850863423,0.5
gsm8k,random,Qwen3-14B,0.849128127369219,0.5170583775587566,0.8658074298711145,500,3080,0.77,0.252,0.3320697498104624,14,0.6875981161695447,0.5
gsm8k,random,Qwen3-14B,0.849128127369219,0.5170583775587566,0.8658074298711145,600,3787,0.7889583333333333,0.2333333333333333,0.3320697498104624,14,0.6875981161695447,0.5
gsm8k,random,Qwen3-14B,0.8567096285064443,0.5170583775587566,0.8658074298711145,700,4502,0.8039285714285714,0.2228571428571428,0.3396512509476876,14,0.7032967032967034,0.5
gsm8k,random,Qwen3-14B,0.8605003790750568,0.5170583775587566,0.8658074298711145,800,5254,0.8209375,0.2075,0.3434420015163002,14,0.7111459968602826,0.5
gsm8k,random,Qwen3-14B,0.8544351781652767,0.5170583775587566,0.8658074298711145,900,5997,0.8329166666666666,0.1944444444444444,0.3373768006065201,14,0.6985871271585556,0.5
gsm8k,random,Qwen3-14B,0.8658074298711145,0.5170583775587566,0.8658074298711145,1000,6742,0.84275,0.184,0.3487490523123578,14,0.7221350078492935,0.5
gsm8k,easiest,Qwen3-4B,0.4647460197119029,0.4844579226686884,0.5193328278999242,100,787,0.98375,0.08,-0.0197119029567854,4,-0.0382352941176471,0.5
gsm8k,easiest,Qwen3-4B,0.4905231235784685,0.4844579226686884,0.5193328278999242,200,1577,0.985625,0.06,0.0060652009097801,4,0.0117647058823529,0.5
gsm8k,easiest,Qwen3-4B,0.5026535253980288,0.4844579226686884,0.5193328278999242,300,2375,0.9895833333333334,0.0433333333333333,0.0181956027293403,4,0.0352941176470587,0.5
gsm8k,easiest,Qwen3-4B,0.4859742228961334,0.4844579226686884,0.5193328278999242,400,3169,0.9903125,0.0425,0.001516300227445,4,0.0029411764705882,0.5
gsm8k,easiest,Qwen3-4B,0.513267626990144,0.4844579226686884,0.5193328278999242,500,3960,0.99,0.046,0.0288097043214556,4,0.0558823529411764,0.5
gsm8k,easiest,Qwen3-4B,0.5261561789234268,0.4844579226686884,0.5193328278999242,600,4757,0.9910416666666668,0.0433333333333333,0.0416982562547383,4,0.0808823529411763,0.5
gsm8k,easiest,Qwen3-4B,0.5170583775587566,0.4844579226686884,0.5193328278999242,700,5554,0.9917857142857144,0.04,0.0326004548900681,4,0.0632352941176469,0.5
gsm8k,easiest,Qwen3-4B,0.5420773313115997,0.4844579226686884,0.5193328278999242,800,6353,0.99265625,0.03625,0.0576194086429113,4,0.111764705882353,0.5
gsm8k,easiest,Qwen3-4B,0.5109931766489765,0.4844579226686884,0.5193328278999242,900,7148,0.9927777777777778,0.0355555555555555,0.026535253980288,4,0.051470588235294,0.5
gsm8k,easiest,Qwen3-4B,0.5193328278999242,0.4844579226686884,0.5193328278999242,1000,7940,0.9925,0.037,0.0348749052312357,4,0.0676470588235293,0.5
gsm8k,hardest,Qwen3-4B,0.4890068233510235,0.4844579226686884,0.8263836239575436,100,36,0.045,0.2,0.0045489006823351,4,0.0088235294117647,0.5
gsm8k,hardest,Qwen3-4B,0.5989385898407885,0.4844579226686884,0.8263836239575436,200,153,0.095625,0.29,0.1144806671721,4,0.2220588235294118,0.5
gsm8k,hardest,Qwen3-4B,0.7399545109931767,0.4844579226686884,0.8263836239575436,300,534,0.2225,0.3533333333333333,0.2554965883244882,4,0.4955882352941177,0.5
gsm8k,hardest,Qwen3-4B,0.778620166793025,0.4844579226686884,0.8263836239575436,400,1060,0.33125,0.3625,0.2941622441243366,4,0.5705882352941177,0.5
gsm8k,hardest,Qwen3-4B,0.8043972706595905,0.4844579226686884,0.8263836239575436,500,1596,0.399,0.346,0.3199393479909021,4,0.6205882352941176,0.5
gsm8k,hardest,Qwen3-4B,0.8028809704321456,0.4844579226686884,0.8263836239575436,600,2092,0.4358333333333333,0.35,0.3184230477634571,4,0.6176470588235294,0.5
gsm8k,hardest,Qwen3-4B,0.8278999241849886,0.4844579226686884,0.8263836239575436,700,2665,0.4758928571428571,0.35,0.3434420015163001,4,0.6661764705882353,0.5
gsm8k,hardest,Qwen3-4B,0.8263836239575436,0.4844579226686884,0.8263836239575436,800,3226,0.5040625,0.3525,0.3419257012888552,4,0.6632352941176471,0.5
gsm8k,hardest,Qwen3-4B,0.819560272934041,0.4844579226686884,0.8263836239575436,900,3824,0.5311111111111111,0.3422222222222222,0.3351023502653525,4,0.6500000000000001,0.5
gsm8k,hardest,Qwen3-4B,0.8263836239575436,0.4844579226686884,0.8263836239575436,1000,4363,0.545375,0.341,0.3419257012888552,4,0.6632352941176471,0.5
gsm8k,middle,Qwen3-4B,0.5049279757391963,0.4844579226686884,0.7513267626990144,100,499,0.62375,0.7,0.0204700530705079,4,0.0397058823529411,0.5
gsm8k,middle,Qwen3-4B,0.5974222896133434,0.4844579226686884,0.7513267626990144,200,1181,0.738125,0.555,0.112964366944655,4,0.2191176470588235,0.5
gsm8k,middle,Qwen3-4B,0.6717210007581501,0.4844579226686884,0.7513267626990144,300,1908,0.795,0.4566666666666666,0.1872630780894617,4,0.363235294117647,0.5
gsm8k,middle,Qwen3-4B,0.6793025018953753,0.4844579226686884,0.7513267626990144,400,2620,0.81875,0.4,0.1948445792266869,4,0.3779411764705883,0.5
gsm8k,middle,Qwen3-4B,0.6899166034874905,0.4844579226686884,0.7513267626990144,500,3371,0.84275,0.348,0.2054586808188021,4,0.3985294117647058,0.5
gsm8k,middle,Qwen3-4B,0.7338893100833965,0.4844579226686884,0.7513267626990144,600,4119,0.858125,0.3166666666666666,0.2494313874147081,4,0.4838235294117647,0.5
gsm8k,middle,Qwen3-4B,0.7482941622441244,0.4844579226686884,0.7513267626990144,700,4884,0.8721428571428571,0.2985714285714286,0.2638362395754359,4,0.511764705882353,0.5
gsm8k,middle,Qwen3-4B,0.7384382107657316,0.4844579226686884,0.7513267626990144,800,5636,0.880625,0.27625,0.2539802880970431,4,0.4926470588235294,0.5
gsm8k,middle,Qwen3-4B,0.7460197119029568,0.4844579226686884,0.7513267626990144,900,6407,0.8898611111111111,0.26,0.2615617892342683,4,0.5073529411764707,0.5
gsm8k,middle,Qwen3-4B,0.7513267626990144,0.4844579226686884,0.7513267626990144,1000,7165,0.895625,0.245,0.266868840030326,4,0.5176470588235295,0.5
gsm8k,random,Qwen3-4B,0.4814253222137984,0.4844579226686884,0.7793783169067475,100,420,0.525,0.31,-0.00303260045489,4,-0.0058823529411763,0.5
gsm8k,random,Qwen3-4B,0.6087945413191812,0.4844579226686884,0.7793783169067475,200,899,0.561875,0.365,0.1243366186504927,4,0.2411764705882353,0.5
gsm8k,random,Qwen3-4B,0.6679302501895376,0.4844579226686884,0.7793783169067475,300,1557,0.64875,0.31,0.1834723275208491,4,0.3558823529411765,0.5
gsm8k,random,Qwen3-4B,0.7414708112206216,0.4844579226686884,0.7793783169067475,400,2252,0.70375,0.2725,0.2570128885519332,4,0.4985294117647058,0.5
gsm8k,random,Qwen3-4B,0.77710386656558,0.4844579226686884,0.7793783169067475,500,2926,0.7315,0.258,0.2926459438968915,4,0.5676470588235294,0.5
gsm8k,random,Qwen3-4B,0.7733131159969674,0.4844579226686884,0.7793783169067475,600,3627,0.755625,0.23,0.2888551933282789,4,0.5602941176470588,0.5
gsm8k,random,Qwen3-4B,0.7854435178165277,0.4844579226686884,0.7793783169067475,700,4333,0.77375,0.2171428571428571,0.3009855951478392,4,0.5838235294117647,0.5
gsm8k,random,Qwen3-4B,0.7869598180439727,0.4844579226686884,0.7793783169067475,800,5065,0.79140625,0.21,0.3025018953752843,4,0.5867647058823531,0.5
gsm8k,random,Qwen3-4B,0.7831690674753601,0.4844579226686884,0.7793783169067475,900,5794,0.8047222222222222,0.2022222222222222,0.2987111448066716,4,0.5794117647058823,0.5
gsm8k,random,Qwen3-4B,0.7793783169067475,0.4844579226686884,0.7793783169067475,1000,6541,0.817625,0.19,0.2949203942380591,4,0.5720588235294118,0.5
gsm8k,easiest,mistral-7b-instruct-v0.3,0.3146322971948446,0.246398786959818,0.4473085670962851,100,571,0.71375,0.78,0.0682335102350265,7,0.090543259557344,0.5
gsm8k,easiest,mistral-7b-instruct-v0.3,0.4169825625473843,0.246398786959818,0.4473085670962851,200,1257,0.785625,0.65,0.1705837755875662,7,0.2263581488933601,0.5
gsm8k,easiest,mistral-7b-instruct-v0.3,0.4412433661865049,0.246398786959818,0.4473085670962851,300,1986,0.8275,0.5733333333333334,0.1948445792266869,7,0.2585513078470825,0.5
gsm8k,easiest,mistral-7b-instruct-v0.3,0.4359363153904473,0.246398786959818,0.4473085670962851,400,2706,0.845625,0.5325,0.1895375284306292,7,0.2515090543259557,0.5
gsm8k,easiest,mistral-7b-instruct-v0.3,0.4389689158453373,0.246398786959818,0.4473085670962851,500,3448,0.862,0.496,0.1925701288855193,7,0.255533199195171,0.5
gsm8k,easiest,mistral-7b-instruct-v0.3,0.4291129643669447,0.246398786959818,0.4473085670962851,600,4186,0.8720833333333333,0.475,0.1827141774071266,7,0.2424547283702214,0.5
gsm8k,easiest,mistral-7b-instruct-v0.3,0.4435178165276724,0.246398786959818,0.4473085670962851,700,4921,0.87875,0.4628571428571428,0.1971190295678544,7,0.2615694164989939,0.5
gsm8k,easiest,mistral-7b-instruct-v0.3,0.4473085670962851,0.246398786959818,0.4473085670962851,800,5640,0.88125,0.46,0.200909780136467,7,0.2665995975855131,0.5
gsm8k,easiest,mistral-7b-instruct-v0.3,0.4533737680060652,0.246398786959818,0.4473085670962851,900,6367,0.8843055555555556,0.4577777777777778,0.2069749810462471,7,0.2746478873239437,0.5
gsm8k,easiest,mistral-7b-instruct-v0.3,0.4473085670962851,0.246398786959818,0.4473085670962851,1000,7112,0.889,0.443,0.200909780136467,7,0.2665995975855131,0.5
gsm8k,hardest,mistral-7b-instruct-v0.3,0.2661106899166034,0.246398786959818,0.4746019711902957,100,45,0.05625,0.27,0.0197119029567854,7,0.0261569416498993,0.5
gsm8k,hardest,mistral-7b-instruct-v0.3,0.3858984078847612,0.246398786959818,0.4746019711902957,200,137,0.085625,0.355,0.1394996209249431,7,0.1851106639839034,0.5
gsm8k,hardest,mistral-7b-instruct-v0.3,0.4275966641394996,0.246398786959818,0.4746019711902957,300,264,0.11,0.4266666666666667,0.1811978771796815,7,0.2404426559356136,0.5
gsm8k,hardest,mistral-7b-instruct-v0.3,0.4298711144806672,0.246398786959818,0.4746019711902957,400,423,0.1321875,0.435,0.1834723275208492,7,0.2434607645875252,0.5
gsm8k,hardest,mistral-7b-instruct-v0.3,0.4420015163002274,0.246398786959818,0.4746019711902957,500,617,0.15425,0.482,0.1956027293404094,7,0.2595573440643863,0.5
gsm8k,hardest,mistral-7b-instruct-v0.3,0.4548900682335102,0.246398786959818,0.4746019711902957,600,814,0.1695833333333333,0.5016666666666667,0.2084912812736922,7,0.2766599597585513,0.5
gsm8k,hardest,mistral-7b-instruct-v0.3,0.4730856709628506,0.246398786959818,0.4746019711902957,700,1012,0.1807142857142857,0.5085714285714286,0.2266868840030326,7,0.3008048289738431,0.5
gsm8k,hardest,mistral-7b-instruct-v0.3,0.4890068233510235,0.246398786959818,0.4746019711902957,800,1215,0.18984375,0.515,0.2426080363912054,7,0.3219315895372234,0.5
gsm8k,hardest,mistral-7b-instruct-v0.3,0.4874905231235785,0.246398786959818,0.4746019711902957,900,1437,0.1995833333333333,0.5311111111111111,0.2410917361637604,7,0.3199195171026157,0.5
gsm8k,hardest,mistral-7b-instruct-v0.3,0.4746019711902957,0.246398786959818,0.4746019711902957,1000,1651,0.206375,0.546,0.2282031842304776,7,0.3028169014084507,0.5
gsm8k,middle,mistral-7b-instruct-v0.3,0.3313115996967399,0.246398786959818,0.5109931766489765,100,200,0.25,0.76,0.0849128127369219,7,0.1126760563380281,0.5
gsm8k,middle,mistral-7b-instruct-v0.3,0.4184988627748294,0.246398786959818,0.5109931766489765,200,577,0.360625,0.82,0.1721000758150113,7,0.2283702213279678,0.5
gsm8k,middle,mistral-7b-instruct-v0.3,0.4412433661865049,0.246398786959818,0.5109931766489765,300,965,0.4020833333333333,0.8166666666666667,0.1948445792266869,7,0.2585513078470825,0.5
gsm8k,middle,mistral-7b-instruct-v0.3,0.4738438210765731,0.246398786959818,0.5109931766489765,400,1355,0.4234375,0.8075,0.2274450341167551,7,0.3018108651911468,0.5
gsm8k,middle,mistral-7b-instruct-v0.3,0.5056861258529188,0.246398786959818,0.5109931766489765,500,1771,0.44275,0.79,0.2592873388931008,7,0.3440643863179074,0.5
gsm8k,middle,mistral-7b-instruct-v0.3,0.5398028809704322,0.246398786959818,0.5109931766489765,600,2230,0.4645833333333333,0.7833333333333333,0.2934040940106141,7,0.3893360160965795,0.5
gsm8k,middle,mistral-7b-instruct-v0.3,0.5367702805155421,0.246398786959818,0.5109931766489765,700,2736,0.4885714285714285,0.7714285714285715,0.290371493555724,7,0.3853118712273642,0.5
gsm8k,middle,mistral-7b-instruct-v0.3,0.5238817285822593,0.246398786959818,0.5109931766489765,800,3192,0.49875,0.7575,0.2774829416224413,7,0.3682092555331993,0.5
gsm8k,middle,mistral-7b-instruct-v0.3,0.5056861258529188,0.246398786959818,0.5109931766489765,900,3698,0.5136111111111111,0.75,0.2592873388931008,7,0.3440643863179074,0.5
gsm8k,middle,mistral-7b-instruct-v0.3,0.5109931766489765,0.246398786959818,0.5109931766489765,1000,4166,0.52075,0.749,0.2645943896891584,7,0.3511066398390342,0.5
gsm8k,random,mistral-7b-instruct-v0.3,0.3434420015163002,0.246398786959818,0.4905231235784685,100,226,0.2825,0.73,0.0970432145564821,7,0.1287726358148893,0.5
gsm8k,random,mistral-7b-instruct-v0.3,0.4169825625473843,0.246398786959818,0.4905231235784685,200,529,0.330625,0.725,0.1705837755875662,7,0.2263581488933601,0.5
gsm8k,random,mistral-7b-instruct-v0.3,0.4518574677786202,0.246398786959818,0.4905231235784685,300,943,0.3929166666666667,0.7166666666666667,0.2054586808188021,7,0.2726358148893361,0.5
gsm8k,random,mistral-7b-instruct-v0.3,0.4730856709628506,0.246398786959818,0.4905231235784685,400,1391,0.4346875,0.7075,0.2266868840030326,7,0.3008048289738431,0.5
gsm8k,random,mistral-7b-instruct-v0.3,0.4692949203942381,0.246398786959818,0.4905231235784685,500,1785,0.44625,0.704,0.22289613343442,7,0.295774647887324,0.5
gsm8k,random,mistral-7b-instruct-v0.3,0.5056861258529188,0.246398786959818,0.4905231235784685,600,2163,0.450625,0.6916666666666667,0.2592873388931008,7,0.3440643863179074,0.5
gsm8k,random,mistral-7b-instruct-v0.3,0.489764973464746,0.246398786959818,0.4905231235784685,700,2623,0.4683928571428571,0.6871428571428572,0.2433661865049279,7,0.3229376257545271,0.5
gsm8k,random,mistral-7b-instruct-v0.3,0.4799090219863533,0.246398786959818,0.4905231235784685,800,3073,0.48015625,0.6725,0.2335102350265352,7,0.3098591549295775,0.5
gsm8k,random,mistral-7b-instruct-v0.3,0.4874905231235785,0.246398786959818,0.4905231235784685,900,3505,0.4868055555555555,0.6766666666666666,0.2410917361637604,7,0.3199195171026157,0.5
gsm8k,random,mistral-7b-instruct-v0.3,0.4905231235784685,0.246398786959818,0.4905231235784685,1000,3992,0.499,0.677,0.2441243366186505,7,0.323943661971831,0.5
gsm8k,easiest,phi-4,0.5284306292645944,0.5375284306292646,0.6868840030326004,100,768,0.96,0.18,-0.0090978013646702,14,-0.0196721311475409,0.5
gsm8k,easiest,phi-4,0.6034874905231236,0.5375284306292646,0.6868840030326004,200,1528,0.955,0.18,0.0659590598938589,14,0.1426229508196721,0.5
gsm8k,easiest,phi-4,0.6648976497346475,0.5375284306292646,0.6868840030326004,300,2316,0.965,0.1533333333333333,0.1273692191053829,14,0.2754098360655738,0.5
gsm8k,easiest,phi-4,0.6823351023502654,0.5375284306292646,0.6868840030326004,400,3111,0.9721875,0.1225,0.1448066717210008,14,0.3131147540983607,0.5
gsm8k,easiest,phi-4,0.6853677028051555,0.5375284306292646,0.6868840030326004,500,3904,0.976,0.106,0.1478392721758908,14,0.3196721311475411,0.5
gsm8k,easiest,phi-4,0.6952236542835482,0.5375284306292646,0.6868840030326004,600,4697,0.9785416666666666,0.095,0.1576952236542835,14,0.3409836065573771,0.5
gsm8k,easiest,phi-4,0.7088703563305534,0.5375284306292646,0.6868840030326004,700,5492,0.9807142857142858,0.0857142857142857,0.1713419257012888,14,0.3704918032786884,0.5
gsm8k,easiest,phi-4,0.6899166034874905,0.5375284306292646,0.6868840030326004,800,6288,0.9825,0.0775,0.1523881728582259,14,0.3295081967213114,0.5
gsm8k,easiest,phi-4,0.6959818043972706,0.5375284306292646,0.6868840030326004,900,7086,0.9841666666666666,0.0711111111111111,0.158453373768006,14,0.3426229508196721,0.5
gsm8k,easiest,phi-4,0.6868840030326004,0.5375284306292646,0.6868840030326004,1000,7882,0.98525,0.066,0.1493555724033358,14,0.3229508196721311,0.5
gsm8k,hardest,phi-4,0.5367702805155421,0.5375284306292646,0.910538286580743,100,40,0.05,0.22,-0.0007581501137224,14,-0.001639344262295,0.5
gsm8k,hardest,phi-4,0.7263078089461713,0.5375284306292646,0.910538286580743,200,153,0.095625,0.325,0.1887793783169067,14,0.4081967213114753,0.5
gsm8k,hardest,phi-4,0.8635329795299469,0.5375284306292646,0.910538286580743,300,660,0.275,0.3766666666666666,0.3260045489006823,14,0.7049180327868851,0.5
gsm8k,hardest,phi-4,0.8771796815769523,0.5375284306292646,0.910538286580743,400,1246,0.389375,0.3875,0.3396512509476876,14,0.7344262295081968,0.5
gsm8k,hardest,phi-4,0.8931008339651251,0.5375284306292646,0.910538286580743,500,1837,0.45925,0.378,0.3555724033358605,14,0.7688524590163934,0.5
gsm8k,hardest,phi-4,0.8938589840788476,0.5375284306292646,0.910538286580743,600,2438,0.5079166666666667,0.3883333333333333,0.356330553449583,14,0.7704918032786884,0.5
gsm8k,hardest,phi-4,0.9067475360121304,0.5375284306292646,0.910538286580743,700,3046,0.5439285714285714,0.3985714285714286,0.3692191053828658,14,0.798360655737705,0.5
gsm8k,hardest,phi-4,0.9029567854435178,0.5375284306292646,0.910538286580743,800,3697,0.57765625,0.3975,0.3654283548142532,14,0.7901639344262293,0.5
gsm8k,hardest,phi-4,0.912054586808188,0.5375284306292646,0.910538286580743,900,4316,0.5994444444444444,0.3966666666666666,0.3745261561789234,14,0.8098360655737704,0.5
gsm8k,hardest,phi-4,0.910538286580743,0.5375284306292646,0.910538286580743,1000,4938,0.61725,0.402,0.3730098559514784,14,0.8065573770491803,0.5
gsm8k,middle,phi-4,0.5466262319939348,0.5375284306292646,0.8225928733889311,100,552,0.69,0.77,0.0090978013646702,14,0.0196721311475409,0.5
gsm8k,middle,phi-4,0.7278241091736164,0.5375284306292646,0.8225928733889311,200,1227,0.766875,0.6,0.1902956785443518,14,0.4114754098360656,0.5
gsm8k,middle,phi-4,0.7520849128127369,0.5375284306292646,0.8225928733889311,300,1985,0.8270833333333333,0.47,0.2145564821834723,14,0.4639344262295082,0.5
gsm8k,middle,phi-4,0.7839272175890827,0.5375284306292646,0.8225928733889311,400,2720,0.85,0.42,0.2463987869598181,14,0.5327868852459018,0.5
gsm8k,middle,phi-4,0.8066717210007581,0.5375284306292646,0.8225928733889311,500,3504,0.876,0.35,0.2691432903714935,14,0.5819672131147541,0.5
gsm8k,middle,phi-4,0.8362395754359363,0.5375284306292646,0.8225928733889311,600,4272,0.89,0.3166666666666666,0.2987111448066717,14,0.6459016393442623,0.5
gsm8k,middle,phi-4,0.844579226686884,0.5375284306292646,0.8225928733889311,700,5042,0.9003571428571429,0.2828571428571428,0.3070507960576194,14,0.6639344262295083,0.5
gsm8k,middle,phi-4,0.8256254738438211,0.5375284306292646,0.8225928733889311,800,5811,0.90796875,0.26625,0.2880970432145565,14,0.6229508196721313,0.5
gsm8k,middle,phi-4,0.8188021228203184,0.5375284306292646,0.8225928733889311,900,6594,0.9158333333333334,0.2466666666666666,0.2812736921910538,14,0.6081967213114754,0.5
gsm8k,middle,phi-4,0.8225928733889311,0.5375284306292646,0.8225928733889311,1000,7372,0.9215,0.233,0.2850644427596664,14,0.6163934426229509,0.5
gsm8k,random,phi-4,0.5496588324488249,0.5163002274450341,0.8779378316906747,100,472,0.59,0.43,0.0333586050037907,14,0.0689655172413792,0.5
gsm8k,random,phi-4,0.7793783169067475,0.5163002274450341,0.8779378316906747,200,1052,0.6575,0.425,0.2630780894617134,14,0.5438871473354232,0.5
gsm8k,random,phi-4,0.8263836239575436,0.5163002274450341,0.8779378316906747,300,1760,0.7333333333333333,0.3366666666666666,0.3100833965125095,14,0.6410658307210032,0.5
gsm8k,random,phi-4,0.8362395754359363,0.5163002274450341,0.8779378316906747,400,2483,0.7759375,0.2925,0.3199393479909022,14,0.6614420062695925,0.5
gsm8k,random,phi-4,0.8339651250947687,0.5163002274450341,0.8779378316906747,500,3182,0.7955,0.268,0.3176648976497346,14,0.6567398119122256,0.5
gsm8k,random,phi-4,0.8612585291887794,0.5163002274450341,0.8779378316906747,600,3870,0.80625,0.25,0.3449583017437453,14,0.7131661442006271,0.5
gsm8k,random,phi-4,0.8514025777103866,0.5163002274450341,0.8779378316906747,700,4588,0.8192857142857143,0.2414285714285714,0.3351023502653525,14,0.6927899686520376,0.5
gsm8k,random,phi-4,0.8627748294162244,0.5163002274450341,0.8779378316906747,800,5329,0.83265625,0.23125,0.3464746019711903,14,0.7163009404388715,0.5
gsm8k,random,phi-4,0.8612585291887794,0.5163002274450341,0.8779378316906747,900,6072,0.8433333333333334,0.2233333333333333,0.3449583017437453,14,0.7131661442006271,0.5
gsm8k,random,phi-4,0.8779378316906747,0.5163002274450341,0.8779378316906747,1000,6808,0.851,0.215,0.3616376042456406,14,0.7476489028213166,0.5
kegg,easiest,Qwen3-14B,0.5,0.5176369863013698,0.4863013698630137,100,789,0.98625,0.03,-0.0176369863013697,14,-0.0365637202697903,0.5
kegg,easiest,Qwen3-14B,0.4931506849315068,0.5176369863013698,0.4863013698630137,200,1582,0.98875,0.025,-0.0244863013698629,14,-0.0507632232871848,0.5
kegg,easiest,Qwen3-14B,0.4863013698630137,0.5176369863013698,0.4863013698630137,300,2377,0.9904166666666666,0.03,-0.031335616438356,14,-0.0649627263045791,0.5
kegg,easiest,Qwen3-14B,0.5068493150684932,0.5176369863013698,0.4863013698630137,400,3168,0.99,0.03,-0.0107876712328766,14,-0.0223642172523959,0.5
kegg,easiest,Qwen3-14B,0.4931506849315068,0.5176369863013698,0.4863013698630137,500,3964,0.991,0.03,-0.0244863013698629,14,-0.0507632232871848,0.5
kegg,easiest,Qwen3-14B,0.4931506849315068,0.5176369863013698,0.4863013698630137,600,4764,0.9925,0.025,-0.0244863013698629,14,-0.0507632232871848,0.5
kegg,easiest,Qwen3-14B,0.5273972602739726,0.5176369863013698,0.4863013698630137,700,5560,0.9928571428571428,0.0271428571428571,0.0097602739726028,14,0.0202342917997871,0.5
kegg,easiest,Qwen3-14B,0.5068493150684932,0.5176369863013698,0.4863013698630137,800,6358,0.9934375,0.02625,-0.0107876712328766,14,-0.0223642172523959,0.5
kegg,easiest,Qwen3-14B,0.5205479452054794,0.5176369863013698,0.4863013698630137,900,7157,0.9940277777777776,0.0244444444444444,0.0029109589041096,14,0.0060347887823927,0.5
kegg,easiest,Qwen3-14B,0.4863013698630137,0.5176369863013698,0.4863013698630137,1000,7955,0.994375,0.024,-0.031335616438356,14,-0.0649627263045791,0.5
kegg,hardest,Qwen3-14B,0.5136986301369864,0.5176369863013698,0.4931506849315068,100,792,0.99,0.06,-0.0039383561643834,14,-0.0081647142350014,0.5
kegg,hardest,Qwen3-14B,0.5273972602739726,0.5176369863013698,0.4931506849315068,200,1585,0.990625,0.045,0.0097602739726028,14,0.0202342917997871,0.5
kegg,hardest,Qwen3-14B,0.4863013698630137,0.5176369863013698,0.4931506849315068,300,2380,0.9916666666666668,0.0366666666666666,-0.031335616438356,14,-0.0649627263045791,0.5
kegg,hardest,Qwen3-14B,0.4726027397260274,0.5176369863013698,0.4931506849315068,400,3170,0.990625,0.04,-0.0450342465753423,14,-0.0933617323393679,0.5
kegg,hardest,Qwen3-14B,0.5136986301369864,0.5176369863013698,0.4931506849315068,500,3966,0.9915,0.04,-0.0039383561643834,14,-0.0081647142350014,0.5
kegg,hardest,Qwen3-14B,0.4794520547945205,0.5176369863013698,0.4931506849315068,600,4763,0.9922916666666668,0.0383333333333333,-0.0381849315068492,14,-0.0791622293219736,0.5
kegg,hardest,Qwen3-14B,0.4726027397260274,0.5176369863013698,0.4931506849315068,700,4943,0.8826785714285714,0.0428571428571428,-0.0450342465753423,14,-0.0933617323393679,0.5
kegg,hardest,Qwen3-14B,0.5273972602739726,0.5176369863013698,0.4931506849315068,800,5099,0.79671875,0.04375,0.0097602739726028,14,0.0202342917997871,0.5
kegg,hardest,Qwen3-14B,0.4931506849315068,0.5176369863013698,0.4931506849315068,900,5303,0.7365277777777778,0.0455555555555555,-0.0244863013698629,14,-0.0507632232871848,0.5
kegg,hardest,Qwen3-14B,0.4931506849315068,0.5176369863013698,0.4931506849315068,1000,5454,0.68175,0.047,-0.0244863013698629,14,-0.0507632232871848,0.5
kegg,middle,Qwen3-14B,0.4863013698630137,0.5176369863013698,0.5068493150684932,100,716,0.895,0.25,-0.031335616438356,14,-0.0649627263045791,0.5
kegg,middle,Qwen3-14B,0.5205479452054794,0.5176369863013698,0.5068493150684932,200,1450,0.90625,0.235,0.0029109589041096,14,0.0060347887823927,0.5
kegg,middle,Qwen3-14B,0.5,0.5176369863013698,0.5068493150684932,300,2231,0.9295833333333332,0.1933333333333333,-0.0176369863013697,14,-0.0365637202697903,0.5
kegg,middle,Qwen3-14B,0.5205479452054794,0.5176369863013698,0.5068493150684932,400,3010,0.940625,0.1725,0.0029109589041096,14,0.0060347887823927,0.5
kegg,middle,Qwen3-14B,0.4794520547945205,0.5176369863013698,0.5068493150684932,500,3803,0.95075,0.148,-0.0381849315068492,14,-0.0791622293219736,0.5
kegg,middle,Qwen3-14B,0.4863013698630137,0.5176369863013698,0.5068493150684932,600,4589,0.9560416666666668,0.1366666666666666,-0.031335616438356,14,-0.0649627263045791,0.5
kegg,middle,Qwen3-14B,0.5205479452054794,0.5176369863013698,0.5068493150684932,700,5385,0.9616071428571428,0.1228571428571428,0.0029109589041096,14,0.0060347887823927,0.5
kegg,middle,Qwen3-14B,0.5205479452054794,0.5176369863013698,0.5068493150684932,800,6180,0.965625,0.1125,0.0029109589041096,14,0.0060347887823927,0.5
kegg,middle,Qwen3-14B,0.5205479452054794,0.5176369863013698,0.5068493150684932,900,6978,0.9691666666666666,0.1022222222222222,0.0029109589041096,14,0.0060347887823927,0.5
kegg,middle,Qwen3-14B,0.5068493150684932,0.5176369863013698,0.5068493150684932,1000,7772,0.9715,0.096,-0.0107876712328766,14,-0.0223642172523959,0.5
kegg,random,Qwen3-14B,0.4931506849315068,0.5176369863013698,0.4931506849315068,100,460,0.575,0.14,-0.0244863013698629,14,-0.0507632232871848,0.5
kegg,random,Qwen3-14B,0.5,0.5176369863013698,0.4931506849315068,200,874,0.54625,0.145,-0.0176369863013697,14,-0.0365637202697903,0.5
kegg,random,Qwen3-14B,0.5342465753424658,0.5176369863013698,0.4931506849315068,300,1349,0.5620833333333334,0.1533333333333333,0.0166095890410959,14,0.0344337948171816,0.5
kegg,random,Qwen3-14B,0.5136986301369864,0.5176369863013698,0.4931506849315068,400,1839,0.5746875,0.1525,-0.0039383561643834,14,-0.0081647142350014,0.5
kegg,random,Qwen3-14B,0.4863013698630137,0.5176369863013698,0.4931506849315068,500,2324,0.581,0.154,-0.031335616438356,14,-0.0649627263045791,0.5
kegg,random,Qwen3-14B,0.5205479452054794,0.5176369863013698,0.4931506849315068,600,2788,0.5808333333333333,0.145,0.0029109589041096,14,0.0060347887823927,0.5
kegg,random,Qwen3-14B,0.4794520547945205,0.5176369863013698,0.4931506849315068,700,3286,0.5867857142857142,0.14,-0.0381849315068492,14,-0.0791622293219736,0.5
kegg,random,Qwen3-14B,0.5205479452054794,0.5176369863013698,0.4931506849315068,800,3800,0.59375,0.14,0.0029109589041096,14,0.0060347887823927,0.5
kegg,random,Qwen3-14B,0.4863013698630137,0.5176369863013698,0.4931506849315068,900,4314,0.5991666666666666,0.1355555555555555,-0.031335616438356,14,-0.0649627263045791,0.5
kegg,random,Qwen3-14B,0.4931506849315068,0.5176369863013698,0.4931506849315068,1000,4828,0.6035,0.131,-0.0244863013698629,14,-0.0507632232871848,0.5
kegg,easiest,Qwen3-4B,0.4041095890410959,0.3904109589041096,0.4315068493150685,100,761,0.95125,0.09,0.0136986301369863,4,0.0224719101123595,0.5
kegg,easiest,Qwen3-4B,0.4246575342465753,0.3904109589041096,0.4315068493150685,200,1525,0.953125,0.09,0.0342465753424657,4,0.0561797752808988,0.5
kegg,easiest,Qwen3-4B,0.4383561643835616,0.3904109589041096,0.4315068493150685,300,2305,0.9604166666666668,0.0833333333333333,0.047945205479452,4,0.0786516853932583,0.5
kegg,easiest,Qwen3-4B,0.4863013698630137,0.3904109589041096,0.4315068493150685,400,3101,0.9690625,0.0725,0.0958904109589041,4,0.1573033707865168,0.5
kegg,easiest,Qwen3-4B,0.4246575342465753,0.3904109589041096,0.4315068493150685,500,3899,0.97475,0.062,0.0342465753424657,4,0.0561797752808988,0.5
kegg,easiest,Qwen3-4B,0.410958904109589,0.3904109589041096,0.4315068493150685,600,4697,0.9785416666666666,0.055,0.0205479452054794,4,0.0337078651685392,0.5
kegg,easiest,Qwen3-4B,0.4041095890410959,0.3904109589041096,0.4315068493150685,700,5496,0.9814285714285714,0.0485714285714285,0.0136986301369863,4,0.0224719101123595,0.5
kegg,easiest,Qwen3-4B,0.410958904109589,0.3904109589041096,0.4315068493150685,800,6295,0.98359375,0.04375,0.0205479452054794,4,0.0337078651685392,0.5
kegg,easiest,Qwen3-4B,0.4178082191780822,0.3904109589041096,0.4315068493150685,900,7094,0.9852777777777778,0.04,0.0273972602739726,4,0.0449438202247191,0.5
kegg,easiest,Qwen3-4B,0.4315068493150685,0.3904109589041096,0.4315068493150685,1000,7892,0.9865,0.038,0.0410958904109589,4,0.0674157303370786,0.5
kegg,hardest,Qwen3-4B,0.3835616438356164,0.4246575342465753,0.4041095890410959,100,203,0.25375,0.11,-0.0410958904109589,4,-0.0714285714285714,0.5
kegg,hardest,Qwen3-4B,0.4041095890410959,0.4246575342465753,0.4041095890410959,200,384,0.24,0.11,-0.0205479452054794,4,-0.0357142857142856,0.5
kegg,hardest,Qwen3-4B,0.3835616438356164,0.4246575342465753,0.4041095890410959,300,575,0.2395833333333333,0.1533333333333333,-0.0410958904109589,4,-0.0714285714285714,0.5
kegg,hardest,Qwen3-4B,0.4589041095890411,0.4246575342465753,0.4041095890410959,400,848,0.265,0.1625,0.0342465753424657,4,0.0595238095238095,0.5
kegg,hardest,Qwen3-4B,0.4041095890410959,0.4246575342465753,0.4041095890410959,500,1105,0.27625,0.156,-0.0205479452054794,4,-0.0357142857142856,0.5
kegg,hardest,Qwen3-4B,0.3767123287671233,0.4246575342465753,0.4041095890410959,600,1353,0.281875,0.1483333333333333,-0.047945205479452,4,-0.0833333333333332,0.5
kegg,hardest,Qwen3-4B,0.410958904109589,0.4246575342465753,0.4041095890410959,700,1654,0.2953571428571429,0.1528571428571428,-0.0136986301369863,4,-0.0238095238095238,0.5
kegg,hardest,Qwen3-4B,0.3972602739726027,0.4246575342465753,0.4041095890410959,800,1935,0.30234375,0.1525,-0.0273972602739726,4,-0.0476190476190476,0.5
kegg,hardest,Qwen3-4B,0.4178082191780822,0.4246575342465753,0.4041095890410959,900,2244,0.3116666666666666,0.1522222222222222,-0.0068493150684931,4,-0.0119047619047618,0.5
kegg,hardest,Qwen3-4B,0.4041095890410959,0.4246575342465753,0.4041095890410959,1000,2524,0.3155,0.157,-0.0205479452054794,4,-0.0357142857142856,0.5
kegg,middle,Qwen3-4B,0.3972602739726027,0.426027397260274,0.5205479452054794,100,539,0.67375,0.57,-0.0287671232876713,4,-0.0501193317422436,0.5
kegg,middle,Qwen3-4B,0.4041095890410959,0.426027397260274,0.5205479452054794,200,1111,0.694375,0.52,-0.0219178082191781,4,-0.0381861575178999,0.5
kegg,middle,Qwen3-4B,0.4863013698630137,0.426027397260274,0.5205479452054794,300,1738,0.7241666666666666,0.4533333333333333,0.0602739726027396,4,0.1050119331742242,0.5
kegg,middle,Qwen3-4B,0.4383561643835616,0.426027397260274,0.5205479452054794,400,2390,0.746875,0.42,0.0123287671232875,4,0.0214797136038184,0.5
kegg,middle,Qwen3-4B,0.4726027397260274,0.426027397260274,0.5205479452054794,500,3070,0.7675,0.386,0.0465753424657533,4,0.0811455847255368,0.5
kegg,middle,Qwen3-4B,0.4794520547945205,0.426027397260274,0.5205479452054794,600,3743,0.7797916666666667,0.3533333333333333,0.0534246575342464,4,0.0930787589498804,0.5
kegg,middle,Qwen3-4B,0.4178082191780822,0.426027397260274,0.5205479452054794,700,4446,0.7939285714285714,0.3271428571428571,-0.0082191780821918,4,-0.0143198090692125,0.5
kegg,middle,Qwen3-4B,0.4794520547945205,0.426027397260274,0.5205479452054794,800,5134,0.8021875,0.30375,0.0534246575342464,4,0.0930787589498804,0.5
kegg,middle,Qwen3-4B,0.4863013698630137,0.426027397260274,0.5205479452054794,900,5825,0.8090277777777778,0.2933333333333333,0.0602739726027396,4,0.1050119331742242,0.5
kegg,middle,Qwen3-4B,0.5205479452054794,0.426027397260274,0.5205479452054794,1000,6544,0.818,0.274,0.0945205479452053,4,0.1646778042959425,0.5
kegg,random,Qwen3-4B,0.4246575342465753,0.4383561643835616,0.4452054794520548,100,437,0.54625,0.19,-0.0136986301369863,4,-0.024390243902439,0.5
kegg,random,Qwen3-4B,0.4520547945205479,0.4383561643835616,0.4452054794520548,200,833,0.520625,0.195,0.0136986301369863,4,0.024390243902439,0.5
kegg,random,Qwen3-4B,0.4520547945205479,0.4383561643835616,0.4452054794520548,300,1283,0.5345833333333333,0.1933333333333333,0.0136986301369863,4,0.024390243902439,0.5
kegg,random,Qwen3-4B,0.4383561643835616,0.4383561643835616,0.4452054794520548,400,1754,0.548125,0.1875,0.0,4,0.0,0.5
kegg,random,Qwen3-4B,0.4520547945205479,0.4383561643835616,0.4452054794520548,500,2187,0.54675,0.192,0.0136986301369863,4,0.024390243902439,0.5
kegg,random,Qwen3-4B,0.4589041095890411,0.4383561643835616,0.4452054794520548,600,2635,0.5489583333333333,0.1816666666666666,0.0205479452054794,4,0.0365853658536585,0.5
kegg,random,Qwen3-4B,0.4589041095890411,0.4383561643835616,0.4452054794520548,700,3103,0.5541071428571429,0.1842857142857142,0.0205479452054794,4,0.0365853658536585,0.5
kegg,random,Qwen3-4B,0.4041095890410959,0.4383561643835616,0.4452054794520548,800,3572,0.558125,0.1875,-0.0342465753424657,4,-0.0609756097560975,0.5
kegg,random,Qwen3-4B,0.4657534246575342,0.4383561643835616,0.4452054794520548,900,4040,0.5611111111111111,0.1833333333333333,0.0273972602739726,4,0.048780487804878,0.5
kegg,random,Qwen3-4B,0.4452054794520548,0.4383561643835616,0.4452054794520548,1000,4516,0.5645,0.185,0.0068493150684931,4,0.0121951219512195,0.5
shuffleobj,easiest,Llama-3.1-8B-Instruct,0.208,0.2504,0.584,100,315,0.39375,0.83,-0.0424,8,-0.0565635005336179,0.5
shuffleobj,easiest,Llama-3.1-8B-Instruct,0.32,0.2504,0.584,200,723,0.451875,0.84,0.0696,8,0.0928495197438633,0.5
shuffleobj,easiest,Llama-3.1-8B-Instruct,0.384,0.2504,0.584,300,1287,0.53625,0.7933333333333333,0.1336,8,0.1782283884738527,0.5
shuffleobj,easiest,Llama-3.1-8B-Instruct,0.552,0.2504,0.584,400,2007,0.6271875,0.7025,0.3016,8,0.4023479188900747,0.5
shuffleobj,easiest,Llama-3.1-8B-Instruct,0.52,0.2504,0.584,500,2774,0.6935,0.618,0.2696,8,0.35965848452508,0.5
shuffleobj,easiest,Llama-3.1-8B-Instruct,0.616,0.2504,0.584,600,3562,0.7420833333333333,0.5333333333333333,0.3656,8,0.487726787620064,0.5
shuffleobj,easiest,Llama-3.1-8B-Instruct,0.6,0.2504,0.584,700,4350,0.7767857142857143,0.4714285714285714,0.3495999999999999,8,0.4663820704375666,0.5
shuffleobj,easiest,Llama-3.1-8B-Instruct,0.624,0.2504,0.584,800,5136,0.8025,0.43,0.3736,8,0.4983991462113126,0.5
shuffleobj,easiest,Llama-3.1-8B-Instruct,0.664,0.2504,0.584,900,5930,0.8236111111111111,0.3888888888888889,0.4136,8,0.551760939167556,0.5
shuffleobj,easiest,Llama-3.1-8B-Instruct,0.584,0.2504,0.584,1000,6721,0.840125,0.359,0.3335999999999999,8,0.4450373532550692,0.5
shuffleobj,hardest,Llama-3.1-8B-Instruct,0.176,0.2504,0.72,100,90,0.1125,0.44,-0.0744,8,-0.0992529348986126,0.5
shuffleobj,hardest,Llama-3.1-8B-Instruct,0.24,0.2504,0.72,200,178,0.11125,0.465,-0.0104,8,-0.0138740661686232,0.5
shuffleobj,hardest,Llama-3.1-8B-Instruct,0.568,0.2504,0.72,300,574,0.2391666666666666,0.5866666666666667,0.3175999999999999,8,0.4236926360725719,0.5
shuffleobj,hardest,Llama-3.1-8B-Instruct,0.616,0.2504,0.72,400,1266,0.395625,0.535,0.3656,8,0.487726787620064,0.5
shuffleobj,hardest,Llama-3.1-8B-Instruct,0.688,0.2504,0.72,500,2017,0.50425,0.496,0.4375999999999999,8,0.5837780149413019,0.5
shuffleobj,hardest,Llama-3.1-8B-Instruct,0.688,0.2504,0.72,600,2802,0.58375,0.4383333333333333,0.4375999999999999,8,0.5837780149413019,0.5
shuffleobj,hardest,Llama-3.1-8B-Instruct,0.728,0.2504,0.72,700,3591,0.64125,0.3914285714285714,0.4775999999999999,8,0.6371398078975453,0.5
shuffleobj,hardest,Llama-3.1-8B-Instruct,0.704,0.2504,0.72,800,4381,0.68453125,0.355,0.4535999999999999,8,0.6051227321237993,0.5
shuffleobj,hardest,Llama-3.1-8B-Instruct,0.712,0.2504,0.72,900,5172,0.7183333333333334,0.3255555555555555,0.4615999999999999,8,0.6157950907150479,0.5
shuffleobj,hardest,Llama-3.1-8B-Instruct,0.72,0.2504,0.72,1000,5965,0.745625,0.3,0.4695999999999999,8,0.6264674493062966,0.5
shuffleobj,middle,Llama-3.1-8B-Instruct,0.152,0.2504,0.696,100,180,0.225,0.7,-0.0984,8,-0.1312700106723586,0.5
shuffleobj,middle,Llama-3.1-8B-Instruct,0.352,0.2504,0.696,200,442,0.27625,0.745,0.1015999999999999,8,0.135538954108858,0.5
shuffleobj,middle,Llama-3.1-8B-Instruct,0.632,0.2504,0.696,300,1007,0.4195833333333333,0.7533333333333333,0.3816,8,0.5090715048025614,0.5
shuffleobj,middle,Llama-3.1-8B-Instruct,0.728,0.2504,0.696,400,1765,0.5515625,0.6425,0.4775999999999999,8,0.6371398078975453,0.5
shuffleobj,middle,Llama-3.1-8B-Instruct,0.752,0.2504,0.696,500,2553,0.63825,0.534,0.5016,8,0.6691568836712913,0.5
shuffleobj,middle,Llama-3.1-8B-Instruct,0.768,0.2504,0.696,600,3344,0.6966666666666667,0.4583333333333333,0.5176000000000001,8,0.6905016008537888,0.5
shuffleobj,middle,Llama-3.1-8B-Instruct,0.688,0.2504,0.696,700,4127,0.7369642857142857,0.4128571428571428,0.4375999999999999,8,0.5837780149413019,0.5
shuffleobj,middle,Llama-3.1-8B-Instruct,0.744,0.2504,0.696,800,4919,0.76859375,0.37,0.4936,8,0.6584845250800426,0.5
shuffleobj,middle,Llama-3.1-8B-Instruct,0.744,0.2504,0.696,900,5711,0.7931944444444444,0.3377777777777778,0.4936,8,0.6584845250800426,0.5
shuffleobj,middle,Llama-3.1-8B-Instruct,0.696,0.2504,0.696,1000,6498,0.81225,0.317,0.4455999999999999,8,0.5944503735325506,0.5
shuffleobj,random,Llama-3.1-8B-Instruct,0.184,0.2504,0.696,100,225,0.28125,0.75,-0.0664,8,-0.0885805763073639,0.5
shuffleobj,random,Llama-3.1-8B-Instruct,0.272,0.2504,0.696,200,519,0.324375,0.795,0.0216,8,0.0288153681963714,0.5
shuffleobj,random,Llama-3.1-8B-Instruct,0.568,0.2504,0.696,300,1078,0.4491666666666666,0.8066666666666666,0.3175999999999999,8,0.4236926360725719,0.5
shuffleobj,random,Llama-3.1-8B-Instruct,0.68,0.2504,0.696,400,1831,0.5721875,0.685,0.4296,8,0.5731056563500534,0.5
shuffleobj,random,Llama-3.1-8B-Instruct,0.704,0.2504,0.696,500,2617,0.65425,0.576,0.4535999999999999,8,0.6051227321237993,0.5
shuffleobj,random,Llama-3.1-8B-Instruct,0.664,0.2504,0.696,600,3401,0.7085416666666666,0.5033333333333333,0.4136,8,0.551760939167556,0.5
shuffleobj,random,Llama-3.1-8B-Instruct,0.6,0.2504,0.696,700,4193,0.74875,0.4428571428571428,0.3495999999999999,8,0.4663820704375666,0.5
shuffleobj,random,Llama-3.1-8B-Instruct,0.712,0.2504,0.696,800,4982,0.7784375,0.40125,0.4615999999999999,8,0.6157950907150479,0.5
shuffleobj,random,Llama-3.1-8B-Instruct,0.704,0.2504,0.696,900,5777,0.8023611111111111,0.3622222222222222,0.4535999999999999,8,0.6051227321237993,0.5
shuffleobj,random,Llama-3.1-8B-Instruct,0.696,0.2504,0.696,1000,6566,0.82075,0.337,0.4455999999999999,8,0.5944503735325506,0.5
shuffleobj,easiest,Qwen3-14B,0.744,0.744,0.776,100,796,0.995,0.04,0.0,14,0.0,0.5
shuffleobj,easiest,Qwen3-14B,0.752,0.744,0.776,200,1591,0.994375,0.045,0.008,14,0.03125,0.5
shuffleobj,easiest,Qwen3-14B,0.768,0.744,0.776,300,2386,0.9941666666666666,0.0433333333333333,0.024,14,0.09375,0.5
shuffleobj,easiest,Qwen3-14B,0.776,0.744,0.776,400,3183,0.9946875,0.04,0.032,14,0.1250000000000001,0.5
shuffleobj,easiest,Qwen3-14B,0.752,0.744,0.776,500,3980,0.995,0.038,0.008,14,0.03125,0.5
shuffleobj,easiest,Qwen3-14B,0.776,0.744,0.776,600,4780,0.9958333333333332,0.0316666666666666,0.032,14,0.1250000000000001,0.5
shuffleobj,easiest,Qwen3-14B,0.744,0.744,0.776,700,5579,0.99625,0.0285714285714285,0.0,14,0.0,0.5
shuffleobj,easiest,Qwen3-14B,0.728,0.744,0.776,800,6377,0.99640625,0.0275,-0.016,14,-0.0625,0.5
shuffleobj,easiest,Qwen3-14B,0.736,0.744,0.776,900,7176,0.9966666666666668,0.0255555555555555,-0.008,14,-0.03125,0.5
shuffleobj,easiest,Qwen3-14B,0.776,0.744,0.776,1000,7976,0.997,0.023,0.032,14,0.1250000000000001,0.5
shuffleobj,hardest,Qwen3-14B,0.792,0.736,0.96,100,251,0.31375,0.63,0.056,14,0.2121212121212123,0.5
shuffleobj,hardest,Qwen3-14B,0.864,0.736,0.96,200,825,0.515625,0.57,0.128,14,0.4848484848484848,0.5
shuffleobj,hardest,Qwen3-14B,0.952,0.736,0.96,300,1595,0.6645833333333333,0.4266666666666667,0.2159999999999999,14,0.818181818181818,0.5
shuffleobj,hardest,Qwen3-14B,0.928,0.736,0.96,400,2390,0.746875,0.33,0.192,14,0.7272727272727275,0.5
shuffleobj,hardest,Qwen3-14B,0.92,0.736,0.96,500,3190,0.7975,0.264,0.184,14,0.6969696969696971,0.5
shuffleobj,hardest,Qwen3-14B,0.928,0.736,0.96,600,3990,0.83125,0.22,0.192,14,0.7272727272727275,0.5
shuffleobj,hardest,Qwen3-14B,0.968,0.736,0.96,700,4789,0.8551785714285715,0.19,0.2319999999999999,14,0.8787878787878787,0.5
shuffleobj,hardest,Qwen3-14B,0.976,0.736,0.96,800,5589,0.87328125,0.16625,0.24,14,0.9090909090909092,0.5
shuffleobj,hardest,Qwen3-14B,0.92,0.736,0.96,900,6387,0.8870833333333333,0.15,0.184,14,0.6969696969696971,0.5
shuffleobj,hardest,Qwen3-14B,0.96,0.736,0.96,1000,7187,0.898375,0.135,0.2239999999999999,14,0.8484848484848484,0.5
shuffleobj,middle,Qwen3-14B,0.8,0.7228,0.824,100,661,0.82625,0.48,0.0772,14,0.2784992784992787,0.5
shuffleobj,middle,Qwen3-14B,0.792,0.7228,0.824,200,1439,0.899375,0.325,0.0692,14,0.2496392496392497,0.5
shuffleobj,middle,Qwen3-14B,0.84,0.7228,0.824,300,2238,0.9325,0.22,0.1171999999999999,14,0.4227994227994227,0.5
shuffleobj,middle,Qwen3-14B,0.832,0.7228,0.824,400,3036,0.94875,0.17,0.1091999999999999,14,0.3939393939393938,0.5
shuffleobj,middle,Qwen3-14B,0.808,0.7228,0.824,500,3835,0.95875,0.138,0.0852,14,0.3073593073593075,0.5
shuffleobj,middle,Qwen3-14B,0.848,0.7228,0.824,600,4635,0.965625,0.115,0.1251999999999999,14,0.4516594516594516,0.5
shuffleobj,middle,Qwen3-14B,0.832,0.7228,0.824,700,5434,0.9703571428571428,0.1,0.1091999999999999,14,0.3939393939393938,0.5
shuffleobj,middle,Qwen3-14B,0.832,0.7228,0.824,800,6234,0.9740625,0.0875,0.1091999999999999,14,0.3939393939393938,0.5
shuffleobj,middle,Qwen3-14B,0.848,0.7228,0.824,900,7033,0.9768055555555556,0.0788888888888888,0.1251999999999999,14,0.4516594516594516,0.5
shuffleobj,middle,Qwen3-14B,0.824,0.7228,0.824,1000,7832,0.979,0.072,0.1011999999999999,14,0.3650793650793649,0.5
shuffleobj,random,Qwen3-14B,0.768,0.7228,0.848,100,653,0.81625,0.47,0.0452,14,0.1630591630591631,0.5
shuffleobj,random,Qwen3-14B,0.84,0.7228,0.848,200,1426,0.89125,0.34,0.1171999999999999,14,0.4227994227994227,0.5
shuffleobj,random,Qwen3-14B,0.84,0.7228,0.848,300,2222,0.9258333333333332,0.2366666666666666,0.1171999999999999,14,0.4227994227994227,0.5
shuffleobj,random,Qwen3-14B,0.808,0.7228,0.848,400,3017,0.9428125,0.1875,0.0852,14,0.3073593073593075,0.5
shuffleobj,random,Qwen3-14B,0.864,0.7228,0.848,500,3816,0.954,0.152,0.1412,14,0.5093795093795094,0.5
shuffleobj,random,Qwen3-14B,0.896,0.7228,0.848,600,4616,0.9616666666666668,0.1266666666666666,0.1732,14,0.6248196248196249,0.5
shuffleobj,random,Qwen3-14B,0.856,0.7228,0.848,700,5413,0.9666071428571428,0.1128571428571428,0.1331999999999999,14,0.4805194805194804,0.5
shuffleobj,random,Qwen3-14B,0.848,0.7228,0.848,800,6212,0.970625,0.1,0.1251999999999999,14,0.4516594516594516,0.5
shuffleobj,random,Qwen3-14B,0.864,0.7228,0.848,900,7012,0.9738888888888888,0.0888888888888888,0.1412,14,0.5093795093795094,0.5
shuffleobj,random,Qwen3-14B,0.848,0.7228,0.848,1000,7812,0.9765,0.08,0.1251999999999999,14,0.4516594516594516,0.5
shuffleobj,easiest,Qwen3-4B,0.52,0.5520000000000002,0.56,100,676,0.845,0.46,-0.0320000000000001,4,-0.0714285714285717,0.5
shuffleobj,easiest,Qwen3-4B,0.536,0.5520000000000002,0.56,200,1442,0.90125,0.33,-0.0160000000000001,4,-0.035714285714286,0.5
shuffleobj,easiest,Qwen3-4B,0.48,0.5520000000000002,0.56,300,2229,0.92875,0.2633333333333333,-0.0720000000000001,4,-0.1607142857142861,0.5
shuffleobj,easiest,Qwen3-4B,0.464,0.5520000000000002,0.56,400,3026,0.945625,0.205,-0.0880000000000001,4,-0.1964285714285717,0.5
shuffleobj,easiest,Qwen3-4B,0.536,0.5520000000000002,0.56,500,3825,0.95625,0.166,-0.0160000000000001,4,-0.035714285714286,0.5
shuffleobj,easiest,Qwen3-4B,0.52,0.5520000000000002,0.56,600,4623,0.963125,0.1416666666666666,-0.0320000000000001,4,-0.0714285714285717,0.5
shuffleobj,easiest,Qwen3-4B,0.6,0.5520000000000002,0.56,700,5423,0.9683928571428572,0.1214285714285714,0.0479999999999998,4,0.1071428571428567,0.5
shuffleobj,easiest,Qwen3-4B,0.512,0.5520000000000002,0.56,800,6222,0.9721875,0.1075,-0.0400000000000001,4,-0.0892857142857146,0.5
shuffleobj,easiest,Qwen3-4B,0.568,0.5520000000000002,0.56,900,7021,0.9751388888888888,0.0966666666666666,0.0159999999999997,4,0.0357142857142852,0.5
shuffleobj,easiest,Qwen3-4B,0.56,0.5520000000000002,0.56,1000,7818,0.97725,0.09,0.0079999999999998,4,0.0178571428571426,0.5
shuffleobj,hardest,Qwen3-4B,0.584,0.5520000000000002,0.688,100,354,0.4425,0.55,0.0319999999999998,4,0.071428571428571,0.5
shuffleobj,hardest,Qwen3-4B,0.576,0.5520000000000002,0.688,200,963,0.601875,0.52,0.0239999999999998,4,0.0535714285714281,0.5
shuffleobj,hardest,Qwen3-4B,0.616,0.5520000000000002,0.688,300,1694,0.7058333333333333,0.4166666666666667,0.0639999999999998,4,0.1428571428571425,0.5
shuffleobj,hardest,Qwen3-4B,0.672,0.5520000000000002,0.688,400,2484,0.77625,0.3325,0.1199999999999998,4,0.2678571428571427,0.5
shuffleobj,hardest,Qwen3-4B,0.672,0.5520000000000002,0.688,500,3277,0.81925,0.278,0.1199999999999998,4,0.2678571428571427,0.5
shuffleobj,hardest,Qwen3-4B,0.648,0.5520000000000002,0.688,600,4075,0.8489583333333334,0.235,0.0959999999999998,4,0.214285714285714,0.5
shuffleobj,hardest,Qwen3-4B,0.712,0.5520000000000002,0.688,700,4872,0.87,0.2057142857142857,0.1599999999999998,4,0.3571428571428568,0.5
shuffleobj,hardest,Qwen3-4B,0.656,0.5520000000000002,0.688,800,5672,0.88625,0.18,0.1039999999999998,4,0.2321428571428569,0.5
shuffleobj,hardest,Qwen3-4B,0.696,0.5520000000000002,0.688,900,6472,0.8988888888888888,0.16,0.1439999999999998,4,0.321428571428571,0.5
shuffleobj,hardest,Qwen3-4B,0.688,0.5520000000000002,0.688,1000,7272,0.909,0.144,0.1359999999999998,4,0.3035714285714282,0.5
shuffleobj,middle,Qwen3-4B,0.568,0.6,0.568,100,675,0.84375,0.32,-0.032,4,-0.08,0.5
shuffleobj,middle,Qwen3-4B,0.56,0.6,0.568,200,1453,0.908125,0.23,-0.0399999999999999,4,-0.0999999999999998,0.5
shuffleobj,middle,Qwen3-4B,0.56,0.6,0.568,300,2248,0.9366666666666666,0.1666666666666666,-0.0399999999999999,4,-0.0999999999999998,0.5
shuffleobj,middle,Qwen3-4B,0.552,0.6,0.568,400,3046,0.951875,0.13,-0.0479999999999999,4,-0.1199999999999998,0.5
shuffleobj,middle,Qwen3-4B,0.584,0.6,0.568,500,3843,0.96075,0.108,-0.016,4,-0.04,0.5
shuffleobj,middle,Qwen3-4B,0.552,0.6,0.568,600,4643,0.9672916666666668,0.09,-0.0479999999999999,4,-0.1199999999999998,0.5
shuffleobj,middle,Qwen3-4B,0.576,0.6,0.568,700,5443,0.9719642857142856,0.0771428571428571,-0.024,4,-0.06,0.5
shuffleobj,middle,Qwen3-4B,0.576,0.6,0.568,800,6241,0.97515625,0.07,-0.024,4,-0.06,0.5
shuffleobj,middle,Qwen3-4B,0.6,0.6,0.568,900,7040,0.9777777777777776,0.0633333333333333,0.0,4,0.0,0.5
shuffleobj,middle,Qwen3-4B,0.568,0.6,0.568,1000,7840,0.98,0.057,-0.032,4,-0.08,0.5
shuffleobj,random,Qwen3-4B,0.56,0.584,0.568,100,578,0.7225,0.64,-0.0239999999999999,4,-0.0576923076923074,0.5
shuffleobj,random,Qwen3-4B,0.576,0.584,0.568,200,1334,0.83375,0.445,-0.008,4,-0.0192307692307692,0.5
shuffleobj,random,Qwen3-4B,0.568,0.584,0.568,300,2124,0.885,0.33,-0.016,4,-0.0384615384615384,0.5
shuffleobj,random,Qwen3-4B,0.552,0.584,0.568,400,2921,0.9128125,0.255,-0.0319999999999999,4,-0.0769230769230767,0.5
shuffleobj,random,Qwen3-4B,0.632,0.584,0.568,500,3719,0.92975,0.208,0.048,4,0.1153846153846154,0.5
shuffleobj,random,Qwen3-4B,0.6,0.584,0.568,600,4517,0.9410416666666668,0.1766666666666666,0.016,4,0.0384615384615384,0.5
shuffleobj,random,Qwen3-4B,0.576,0.584,0.568,700,5315,0.9491071428571428,0.1542857142857142,-0.008,4,-0.0192307692307692,0.5
shuffleobj,random,Qwen3-4B,0.6,0.584,0.568,800,6110,0.9546875,0.14125,0.016,4,0.0384615384615384,0.5
shuffleobj,random,Qwen3-4B,0.584,0.584,0.568,900,6908,0.9594444444444444,0.1266666666666666,0.0,4,0.0,0.5
shuffleobj,random,Qwen3-4B,0.568,0.584,0.568,1000,7707,0.963375,0.115,-0.016,4,-0.0384615384615384,0.5
shuffleobj,easiest,mistral-7b-instruct-v0.3,0.136,0.096,0.104,100,180,0.225,0.76,0.04,7,0.0442477876106194,0.5
shuffleobj,easiest,mistral-7b-instruct-v0.3,0.104,0.096,0.104,200,572,0.3575,0.725,0.0079999999999999,7,0.0088495575221238,0.5
shuffleobj,easiest,mistral-7b-instruct-v0.3,0.064,0.096,0.104,300,1183,0.4929166666666666,0.57,-0.032,7,-0.0353982300884955,0.5
shuffleobj,easiest,mistral-7b-instruct-v0.3,0.128,0.096,0.104,400,1839,0.5746875,0.47,0.032,7,0.0353982300884955,0.5
shuffleobj,easiest,mistral-7b-instruct-v0.3,0.144,0.096,0.104,500,2519,0.62975,0.414,0.0479999999999999,7,0.0530973451327433,0.5
shuffleobj,easiest,mistral-7b-instruct-v0.3,0.144,0.096,0.104,600,3224,0.6716666666666666,0.385,0.0479999999999999,7,0.0530973451327433,0.5
shuffleobj,easiest,mistral-7b-instruct-v0.3,0.104,0.096,0.104,700,3924,0.7007142857142857,0.3542857142857142,0.0079999999999999,7,0.0088495575221238,0.5
shuffleobj,easiest,mistral-7b-instruct-v0.3,0.144,0.096,0.104,800,4645,0.72578125,0.32875,0.0479999999999999,7,0.0530973451327433,0.5
shuffleobj,easiest,mistral-7b-instruct-v0.3,0.112,0.096,0.104,900,5360,0.7444444444444445,0.3122222222222222,0.016,7,0.0176991150442477,0.5
shuffleobj,easiest,mistral-7b-instruct-v0.3,0.104,0.096,0.104,1000,6073,0.759125,0.3,0.0079999999999999,7,0.0088495575221238,0.5
shuffleobj,hardest,mistral-7b-instruct-v0.3,0.104,0.096,0.12,100,24,0.03,0.23,0.0079999999999999,7,0.0088495575221238,0.5
shuffleobj,hardest,mistral-7b-instruct-v0.3,0.112,0.096,0.12,200,115,0.071875,0.315,0.016,7,0.0176991150442477,0.5
shuffleobj,hardest,mistral-7b-instruct-v0.3,0.2,0.096,0.12,300,410,0.1708333333333333,0.31,0.104,7,0.1150442477876106,0.5
shuffleobj,hardest,mistral-7b-instruct-v0.3,0.136,0.096,0.12,400,772,0.24125,0.285,0.04,7,0.0442477876106194,0.5
shuffleobj,hardest,mistral-7b-instruct-v0.3,0.176,0.096,0.12,500,1169,0.29225,0.268,0.0799999999999999,7,0.0884955752212389,0.5
shuffleobj,hardest,mistral-7b-instruct-v0.3,0.16,0.096,0.12,600,1571,0.3272916666666666,0.2466666666666666,0.064,7,0.0707964601769911,0.5
shuffleobj,hardest,mistral-7b-instruct-v0.3,0.144,0.096,0.12,700,1960,0.35,0.2257142857142857,0.0479999999999999,7,0.0530973451327433,0.5
shuffleobj,hardest,mistral-7b-instruct-v0.3,0.176,0.096,0.12,800,2361,0.36890625,0.22375,0.0799999999999999,7,0.0884955752212389,0.5
shuffleobj,hardest,mistral-7b-instruct-v0.3,0.128,0.096,0.12,900,2760,0.3833333333333333,0.2233333333333333,0.032,7,0.0353982300884955,0.5
shuffleobj,hardest,mistral-7b-instruct-v0.3,0.12,0.096,0.12,1000,3141,0.392625,0.231,0.0239999999999999,7,0.0265486725663716,0.5
shuffleobj,middle,mistral-7b-instruct-v0.3,0.072,0.104,0.312,100,65,0.08125,0.4,-0.032,7,-0.0357142857142857,0.5
shuffleobj,middle,mistral-7b-instruct-v0.3,0.112,0.104,0.312,200,188,0.1175,0.52,0.008,7,0.0089285714285714,0.5
shuffleobj,middle,mistral-7b-instruct-v0.3,0.16,0.104,0.312,300,359,0.1495833333333333,0.5733333333333334,0.056,7,0.0625,0.5
shuffleobj,middle,mistral-7b-instruct-v0.3,0.208,0.104,0.312,400,602,0.188125,0.645,0.104,7,0.1160714285714285,0.5
shuffleobj,middle,mistral-7b-instruct-v0.3,0.16,0.104,0.312,500,892,0.223,0.686,0.056,7,0.0625,0.5
shuffleobj,middle,mistral-7b-instruct-v0.3,0.248,0.104,0.312,600,1326,0.27625,0.7116666666666667,0.144,7,0.1607142857142857,0.5
shuffleobj,middle,mistral-7b-instruct-v0.3,0.224,0.104,0.312,700,1959,0.3498214285714285,0.6914285714285714,0.12,7,0.1339285714285714,0.5
shuffleobj,middle,mistral-7b-instruct-v0.3,0.248,0.104,0.312,800,2616,0.40875,0.665,0.144,7,0.1607142857142857,0.5
shuffleobj,middle,mistral-7b-instruct-v0.3,0.256,0.104,0.312,900,3307,0.4593055555555556,0.6288888888888889,0.152,7,0.1696428571428571,0.5
shuffleobj,middle,mistral-7b-instruct-v0.3,0.312,0.104,0.312,1000,4004,0.5005,0.593,0.208,7,0.2321428571428571,0.5
shuffleobj,random,mistral-7b-instruct-v0.3,0.072,0.104,0.232,100,96,0.12,0.48,-0.032,7,-0.0357142857142857,0.5
shuffleobj,random,mistral-7b-instruct-v0.3,0.12,0.104,0.232,200,255,0.159375,0.51,0.016,7,0.0178571428571428,0.5
shuffleobj,random,mistral-7b-instruct-v0.3,0.128,0.104,0.232,300,465,0.19375,0.54,0.024,7,0.0267857142857142,0.5
shuffleobj,random,mistral-7b-instruct-v0.3,0.088,0.104,0.232,400,772,0.24125,0.57,-0.016,7,-0.0178571428571428,0.5
shuffleobj,random,mistral-7b-instruct-v0.3,0.208,0.104,0.232,500,1159,0.28975,0.586,0.104,7,0.1160714285714285,0.5
shuffleobj,random,mistral-7b-instruct-v0.3,0.232,0.104,0.232,600,1649,0.3435416666666667,0.5833333333333334,0.128,7,0.1428571428571428,0.5
shuffleobj,random,mistral-7b-instruct-v0.3,0.24,0.104,0.232,700,2210,0.3946428571428571,0.5714285714285714,0.136,7,0.1517857142857143,0.5
shuffleobj,random,mistral-7b-instruct-v0.3,0.24,0.104,0.232,800,2802,0.4378125,0.54875,0.136,7,0.1517857142857143,0.5
shuffleobj,random,mistral-7b-instruct-v0.3,0.192,0.104,0.232,900,3392,0.4711111111111111,0.5266666666666666,0.088,7,0.0982142857142857,0.5
shuffleobj,random,mistral-7b-instruct-v0.3,0.232,0.104,0.232,1000,3997,0.499625,0.508,0.128,7,0.1428571428571428,0.5
shuffleobj,easiest,phi-4,0.712,0.64,0.936,100,676,0.845,0.62,0.0719999999999999,14,0.1999999999999998,0.5
shuffleobj,easiest,phi-4,0.872,0.64,0.936,200,1407,0.879375,0.53,0.2319999999999999,14,0.6444444444444444,0.5
shuffleobj,easiest,phi-4,0.96,0.64,0.936,300,2186,0.9108333333333334,0.4066666666666667,0.3199999999999999,14,0.8888888888888888,0.5
shuffleobj,easiest,phi-4,0.928,0.64,0.936,400,2982,0.931875,0.315,0.288,14,0.8000000000000002,0.5
shuffleobj,easiest,phi-4,0.92,0.64,0.936,500,3771,0.94275,0.27,0.28,14,0.7777777777777779,0.5
shuffleobj,easiest,phi-4,0.984,0.64,0.936,600,4569,0.951875,0.2283333333333333,0.344,14,0.9555555555555556,0.5
shuffleobj,easiest,phi-4,0.936,0.64,0.936,700,5368,0.9585714285714284,0.1971428571428571,0.296,14,0.8222222222222224,0.5
shuffleobj,easiest,phi-4,0.904,0.64,0.936,800,6167,0.96359375,0.17375,0.264,14,0.7333333333333334,0.5
shuffleobj,easiest,phi-4,0.928,0.64,0.936,900,6965,0.9673611111111112,0.1566666666666666,0.288,14,0.8000000000000002,0.5
shuffleobj,easiest,phi-4,0.936,0.64,0.936,1000,7764,0.9705,0.142,0.296,14,0.8222222222222224,0.5
shuffleobj,hardest,phi-4,0.728,0.64,0.968,100,455,0.56875,0.96,0.0879999999999999,14,0.2444444444444443,0.5
shuffleobj,hardest,phi-4,0.872,0.64,0.968,200,1149,0.718125,0.795,0.2319999999999999,14,0.6444444444444444,0.5
shuffleobj,hardest,phi-4,0.936,0.64,0.968,300,1936,0.8066666666666666,0.5666666666666667,0.296,14,0.8222222222222224,0.5
shuffleobj,hardest,phi-4,0.976,0.64,0.968,400,2727,0.8521875,0.445,0.3359999999999999,14,0.9333333333333332,0.5
shuffleobj,hardest,phi-4,0.968,0.64,0.968,500,3524,0.881,0.362,0.3279999999999999,14,0.911111111111111,0.5
shuffleobj,hardest,phi-4,0.952,0.64,0.968,600,4321,0.9002083333333334,0.3066666666666666,0.3119999999999999,14,0.8666666666666666,0.5
shuffleobj,hardest,phi-4,0.984,0.64,0.968,700,5120,0.9142857142857144,0.2642857142857143,0.344,14,0.9555555555555556,0.5
shuffleobj,hardest,phi-4,0.968,0.64,0.968,800,5919,0.92484375,0.2325,0.3279999999999999,14,0.911111111111111,0.5
shuffleobj,hardest,phi-4,0.968,0.64,0.968,900,6716,0.9327777777777778,0.21,0.3279999999999999,14,0.911111111111111,0.5
shuffleobj,hardest,phi-4,0.968,0.64,0.968,1000,7513,0.939125,0.191,0.3279999999999999,14,0.911111111111111,0.5
shuffleobj,middle,phi-4,0.776,0.688,0.976,100,642,0.8025,0.77,0.088,14,0.2820512820512822,0.5
shuffleobj,middle,phi-4,0.912,0.688,0.976,200,1373,0.858125,0.62,0.2240000000000001,14,0.7179487179487181,0.5
shuffleobj,middle,phi-4,0.928,0.688,0.976,300,2161,0.9004166666666666,0.45,0.2400000000000001,14,0.7692307692307694,0.5
shuffleobj,middle,phi-4,0.944,0.688,0.976,400,2957,0.9240625,0.3475,0.256,14,0.8205128205128204,0.5
shuffleobj,middle,phi-4,0.968,0.688,0.976,500,3750,0.9375,0.292,0.28,14,0.8974358974358974,0.5
shuffleobj,middle,phi-4,0.968,0.688,0.976,600,4548,0.9475,0.2466666666666666,0.28,14,0.8974358974358974,0.5
shuffleobj,middle,phi-4,0.968,0.688,0.976,700,5346,0.9546428571428572,0.2142857142857142,0.28,14,0.8974358974358974,0.5
shuffleobj,middle,phi-4,0.992,0.688,0.976,800,6145,0.96015625,0.18875,0.304,14,0.9743589743589745,0.5
shuffleobj,middle,phi-4,0.968,0.688,0.976,900,6944,0.9644444444444444,0.1688888888888889,0.28,14,0.8974358974358974,0.5
shuffleobj,middle,phi-4,0.976,0.688,0.976,1000,7743,0.967875,0.153,0.288,14,0.923076923076923,0.5
shuffleobj,random,phi-4,0.712,0.688,0.976,100,627,0.78375,0.84,0.024,14,0.0769230769230769,0.5
shuffleobj,random,phi-4,0.896,0.688,0.976,200,1352,0.845,0.675,0.208,14,0.6666666666666667,0.5
shuffleobj,random,phi-4,0.984,0.688,0.976,300,2128,0.8866666666666667,0.5133333333333333,0.296,14,0.9487179487179488,0.5
shuffleobj,random,phi-4,0.96,0.688,0.976,400,2919,0.9121875,0.4075,0.272,14,0.8717948717948717,0.5
shuffleobj,random,phi-4,0.952,0.688,0.976,500,3713,0.92825,0.338,0.264,14,0.846153846153846,0.5
shuffleobj,random,phi-4,0.968,0.688,0.976,600,4510,0.9395833333333332,0.2866666666666667,0.28,14,0.8974358974358974,0.5
shuffleobj,random,phi-4,0.96,0.688,0.976,700,5304,0.9471428571428572,0.2542857142857143,0.272,14,0.8717948717948717,0.5
shuffleobj,random,phi-4,0.944,0.688,0.976,800,6099,0.95296875,0.22875,0.256,14,0.8205128205128204,0.5
shuffleobj,random,phi-4,0.944,0.688,0.976,900,6897,0.9579166666666666,0.2055555555555555,0.256,14,0.8205128205128204,0.5
shuffleobj,random,phi-4,0.976,0.688,0.976,1000,7689,0.961125,0.193,0.288,14,0.923076923076923,0.5
